{"v":"5.12.1","fr":30,"ip":0,"op":168,"w":418,"h":362,"nm":"Loading","ddd":0,"assets":[{"id":"comp_0","nm":"hand","fr":30,"layers":[{"ddd":0,"ind":1,"ty":4,"nm":"finger 1","sr":1,"ks":{"o":{"a":0,"k":100,"ix":11},"r":{"a":0,"k":0,"ix":10},"p":{"a":0,"k":[262.333,224.719,0],"ix":2,"l":2},"a":{"a":0,"k":[-59.667,-9.781,0],"ix":1,"l":2},"s":{"a":0,"k":[100,100,100],"ix":6,"l":2}},"ao":0,"shapes":[{"ty":"gr","it":[{"ind":0,"ty":"sh","ix":1,"ks":{"a":1,"k":[{"i":{"x":0.211,"y":0.947},"o":{"x":0.233,"y":0},"t":3,"s":[{"i":[[8.994,-2.632],[-1.5,-9.25],[-7,-13.5],[-8.875,3.25],[1.625,8.125],[9.743,32.154],[5.377,8.378]],"o":[[-10.25,3],[2.011,12.4],[7,13.5],[10.254,-3.755],[-0.755,-3.774],[-6.761,-22.313],[-10.75,-16.75]],"v":[[-86,-98.75],[-99.5,-73.25],[-62.25,56.25],[-32.75,66.75],[-17.375,44],[-31.623,-23.561],[-51.75,-86.75]],"c":true}]},{"i":{"x":0.899,"y":1},"o":{"x":0.897,"y":0.061},"t":13,"s":[{"i":[[9.369,0.174],[1.332,-9.276],[-2.648,-14.975],[-9.441,0.45],[-0.876,8.239],[-0.359,20.54],[1.642,9.075]],"o":[[-10.678,-0.199],[-1.785,12.435],[2.648,14.975],[10.908,-0.52],[0.407,-3.827],[0.31,-17.741],[-3.029,-16.738]],"v":[[-77.244,-184.258],[-96.745,-164.205],[-97.88,-100.741],[-72.863,-81.908],[-52.144,-98.526],[-49.56,-132.509],[-49.892,-166.325]],"c":true}]},{"t":21,"s":[{"i":[[8.994,-2.632],[-1.5,-9.25],[-7,-13.5],[-8.875,3.25],[1.625,8.125],[9.743,32.154],[5.377,8.378]],"o":[[-10.25,3],[2.011,12.4],[7,13.5],[10.254,-3.755],[-0.755,-3.774],[-6.761,-22.313],[-10.75,-16.75]],"v":[[-86,-98.75],[-99.5,-73.25],[-62.25,56.25],[-32.75,66.75],[-17.375,44],[-31.623,-23.561],[-51.75,-86.75]],"c":true}]}],"ix":2},"nm":"Path 1","mn":"ADBE Vector Shape - Group","hd":false},{"ty":"st","c":{"a":0,"k":[0,0.207843137255,0.4,1],"ix":3},"o":{"a":0,"k":100,"ix":4},"w":{"a":0,"k":3,"ix":5},"lc":1,"lj":1,"ml":4,"bm":0,"nm":"Stroke 1","mn":"ADBE Vector Graphic - Stroke","hd":false},{"ty":"fl","c":{"a":0,"k":[1,0.764705942191,0,1],"ix":4},"o":{"a":0,"k":100,"ix":5},"r":1,"bm":0,"nm":"Fill 1","mn":"ADBE Vector Graphic - Fill","hd":false},{"ty":"tr","p":{"a":0,"k":[0,0],"ix":2},"a":{"a":0,"k":[0,0],"ix":1},"s":{"a":0,"k":[100,100],"ix":3},"r":{"a":0,"k":0,"ix":6},"o":{"a":0,"k":100,"ix":7},"sk":{"a":0,"k":0,"ix":4},"sa":{"a":0,"k":0,"ix":5},"nm":"Transform"}],"nm":"Shape 1","np":3,"cix":2,"bm":0,"ix":1,"mn":"ADBE Vector Group","hd":false}],"ip":0,"op":180,"st":0,"ct":1,"bm":0},{"ddd":0,"ind":2,"ty":4,"nm":"finger 2","sr":1,"ks":{"o":{"a":0,"k":100,"ix":11},"r":{"a":0,"k":0,"ix":10},"p":{"a":0,"k":[206.833,224.719,0],"ix":2,"l":2},"a":{"a":0,"k":[-59.667,-9.781,0],"ix":1,"l":2},"s":{"a":0,"k":[100,100,100],"ix":6,"l":2}},"ao":0,"shapes":[{"ty":"gr","it":[{"ind":0,"ty":"sh","ix":1,"ks":{"a":1,"k":[{"i":{"x":0.627,"y":0.985},"o":{"x":0.228,"y":0},"t":2,"s":[{"i":[[8.994,-2.632],[-1.5,-9.25],[-7,-13.5],[-8.875,3.25],[1.625,8.125],[9.743,32.154],[5.377,8.378]],"o":[[-10.25,3],[2.011,12.4],[7,13.5],[10.254,-3.755],[-0.755,-3.774],[-6.761,-22.313],[-10.75,-16.75]],"v":[[-86,-98.75],[-100.25,-72.75],[-59.25,55.75],[-29.75,67.5],[-15.625,46.75],[-30.873,-23.561],[-50.5,-87]],"c":true}]},{"i":{"x":0.79,"y":1},"o":{"x":0.637,"y":0.025},"t":9,"s":[{"i":[[9.282,-1.285],[-1.299,-9.28],[-4.945,-14.381],[-9.256,1.914],[0.416,8.275],[4.923,33.235],[1.992,7.907]],"o":[[-10.579,1.465],[2.044,14.606],[4.945,14.381],[10.694,-2.211],[-0.193,-3.844],[-3.416,-23.063],[-4.863,-19.3]],"v":[[-86.886,-196.735],[-102.044,-171.856],[-88.079,-100.483],[-60.621,-84.534],[-43.606,-102.988],[-48.63,-145.776],[-55.242,-178.907]],"c":true}]},{"t":21,"s":[{"i":[[8.994,-2.632],[-1.5,-9.25],[-7,-13.5],[-8.875,3.25],[1.625,8.125],[9.743,32.154],[5.377,8.378]],"o":[[-10.25,3],[2.011,12.4],[7,13.5],[10.254,-3.755],[-0.755,-3.774],[-6.761,-22.313],[-10.75,-16.75]],"v":[[-86,-98.75],[-100.25,-72.75],[-59.25,55.75],[-29.75,67.5],[-15.625,46.75],[-30.873,-23.561],[-50.5,-87]],"c":true}]}],"ix":2},"nm":"Path 1","mn":"ADBE Vector Shape - Group","hd":false},{"ty":"st","c":{"a":0,"k":[0,0.207843137255,0.4,1],"ix":3},"o":{"a":0,"k":100,"ix":4},"w":{"a":0,"k":3,"ix":5},"lc":1,"lj":1,"ml":4,"bm":0,"nm":"Stroke 1","mn":"ADBE Vector Graphic - Stroke","hd":false},{"ty":"fl","c":{"a":0,"k":[1,0.764705882353,0,1],"ix":4},"o":{"a":0,"k":100,"ix":5},"r":1,"bm":0,"nm":"Fill 1","mn":"ADBE Vector Graphic - Fill","hd":false},{"ty":"tr","p":{"a":0,"k":[0,0],"ix":2},"a":{"a":0,"k":[0,0],"ix":1},"s":{"a":0,"k":[100,100],"ix":3},"r":{"a":0,"k":0,"ix":6},"o":{"a":0,"k":100,"ix":7},"sk":{"a":0,"k":0,"ix":4},"sa":{"a":0,"k":0,"ix":5},"nm":"Transform"}],"nm":"Shape 1","np":3,"cix":2,"bm":0,"ix":1,"mn":"ADBE Vector Group","hd":false}],"ip":0,"op":180,"st":0,"ct":1,"bm":0},{"ddd":0,"ind":3,"ty":4,"nm":"finger 3","sr":1,"ks":{"o":{"a":0,"k":100,"ix":11},"r":{"a":0,"k":0,"ix":10},"p":{"a":0,"k":[216,238,0],"ix":2,"l":2},"a":{"a":0,"k":[0,0,0],"ix":1,"l":2},"s":{"a":0,"k":[100,100,100],"ix":6,"l":2}},"ao":0,"shapes":[{"ty":"gr","it":[{"ind":0,"ty":"sh","ix":1,"ks":{"a":1,"k":[{"i":{"x":0.51,"y":1},"o":{"x":0.228,"y":0},"t":1,"s":[{"i":[[8.994,-2.632],[-1.5,-9.25],[-7,-13.5],[-8.875,3.25],[1.625,8.125],[9.743,32.154],[5.377,8.378]],"o":[[-10.25,3],[2.011,12.4],[7,13.5],[10.254,-3.755],[-0.755,-3.774],[-6.761,-22.313],[-10.75,-16.75]],"v":[[-89.25,-86.25],[-104.5,-61.25],[-59.25,55.75],[-29.75,67.5],[-14.875,46.75],[-35.123,-23.561],[-53.5,-75.75]],"c":true}]},{"i":{"x":0.79,"y":1},"o":{"x":0.491,"y":0},"t":7,"s":[{"i":[[8.994,-2.632],[-1.5,-9.25],[-7,-13.5],[-8.875,3.25],[1.625,8.125],[4.841,13.654],[5.185,8.498]],"o":[[-10.25,3],[2.011,12.4],[7,13.5],[10.254,-3.755],[-0.755,-3.774],[-5.252,-14.814],[-9,-14.75]],"v":[[-95.25,-162.25],[-108,-141.75],[-87,-80.5],[-57.5,-68.75],[-42.625,-89.5],[-50.748,-119.436],[-63.5,-152.75]],"c":true}]},{"t":17,"s":[{"i":[[8.994,-2.632],[-1.5,-9.25],[-7,-13.5],[-8.875,3.25],[1.625,8.125],[9.743,32.154],[5.377,8.378]],"o":[[-10.25,3],[2.011,12.4],[7,13.5],[10.254,-3.755],[-0.755,-3.774],[-6.761,-22.313],[-10.75,-16.75]],"v":[[-89.25,-86.25],[-104.5,-61.25],[-59.25,55.75],[-29.75,67.5],[-14.875,46.75],[-35.123,-23.561],[-53.5,-75.75]],"c":true}]}],"ix":2},"nm":"Path 1","mn":"ADBE Vector Shape - Group","hd":false},{"ty":"st","c":{"a":0,"k":[0,0.207843137255,0.4,1],"ix":3},"o":{"a":0,"k":100,"ix":4},"w":{"a":0,"k":3,"ix":5},"lc":1,"lj":1,"ml":4,"bm":0,"nm":"Stroke 1","mn":"ADBE Vector Graphic - Stroke","hd":false},{"ty":"fl","c":{"a":0,"k":[1,0.764705882353,0,1],"ix":4},"o":{"a":0,"k":100,"ix":5},"r":1,"bm":0,"nm":"Fill 1","mn":"ADBE Vector Graphic - Fill","hd":false},{"ty":"tr","p":{"a":0,"k":[0,0],"ix":2},"a":{"a":0,"k":[0,0],"ix":1},"s":{"a":0,"k":[100,100],"ix":3},"r":{"a":0,"k":0,"ix":6},"o":{"a":0,"k":100,"ix":7},"sk":{"a":0,"k":0,"ix":4},"sa":{"a":0,"k":0,"ix":5},"nm":"Transform"}],"nm":"Shape 1","np":3,"cix":2,"bm":0,"ix":1,"mn":"ADBE Vector Group","hd":false}],"ip":0,"op":180,"st":0,"ct":1,"bm":0},{"ddd":0,"ind":4,"ty":4,"nm":"finger 4","sr":1,"ks":{"o":{"a":0,"k":100,"ix":11},"r":{"a":0,"k":0,"ix":10},"p":{"a":0,"k":[101.536,195.476,0],"ix":2,"l":2},"a":{"a":0,"k":[-114.464,-42.524,0],"ix":1,"l":2},"s":{"a":0,"k":[100,100,100],"ix":6,"l":2}},"ao":0,"shapes":[{"ty":"gr","it":[{"ind":0,"ty":"sh","ix":1,"ks":{"a":1,"k":[{"i":{"x":0,"y":0.856},"o":{"x":0.054,"y":0},"t":0,"s":[{"i":[[0,0],[21.414,-18.514],[-13,-14.5],[-5,3.5],[0.75,4.75],[0,0]],"o":[[0,0],[-24,20.75],[13,14.5],[9.926,-6.948],[-0.75,-4.75],[0,0]],"v":[[-90.25,-42.5],[-130,-47.25],[-106.75,56.75],[-76.75,67.5],[-69.5,39.75],[-92.5,-20.75]],"c":false}]},{"i":{"x":0.667,"y":1},"o":{"x":0.333,"y":0.048},"t":9,"s":[{"i":[[0,0],[22.25,-17.5],[-13,-14.5],[-5,3.5],[0.75,4.75],[0,0]],"o":[[0,0],[-21.591,16.982],[13,14.5],[9.926,-6.948],[-0.75,-4.75],[0,0]],"v":[[-89.5,-73.5],[-133,-83.75],[-123.75,-8.25],[-93.75,2.5],[-86.5,-25.25],[-96.75,-56]],"c":false}]},{"t":15,"s":[{"i":[[0,0],[21.414,-18.514],[-13,-14.5],[-5,3.5],[0.75,4.75],[0,0]],"o":[[0,0],[-24,20.75],[13,14.5],[9.926,-6.948],[-0.75,-4.75],[0,0]],"v":[[-90.25,-42.5],[-130,-47.25],[-106.75,56.75],[-76.75,67.5],[-69.5,39.75],[-92.5,-20.75]],"c":false}]}],"ix":2},"nm":"Path 1","mn":"ADBE Vector Shape - Group","hd":false},{"ty":"st","c":{"a":0,"k":[0,0.207843137255,0.4,1],"ix":3},"o":{"a":0,"k":100,"ix":4},"w":{"a":0,"k":3,"ix":5},"lc":1,"lj":1,"ml":4,"bm":0,"nm":"Stroke 1","mn":"ADBE Vector Graphic - Stroke","hd":false},{"ty":"fl","c":{"a":0,"k":[1,0.764705882353,0,1],"ix":4},"o":{"a":0,"k":100,"ix":5},"r":1,"bm":0,"nm":"Fill 1","mn":"ADBE Vector Graphic - Fill","hd":false},{"ty":"tr","p":{"a":0,"k":[0,0],"ix":2},"a":{"a":0,"k":[0,0],"ix":1},"s":{"a":0,"k":[100,100],"ix":3},"r":{"a":0,"k":0,"ix":6},"o":{"a":0,"k":100,"ix":7},"sk":{"a":0,"k":0,"ix":4},"sa":{"a":0,"k":0,"ix":5},"nm":"Transform"}],"nm":"Shape 1","np":3,"cix":2,"bm":0,"ix":1,"mn":"ADBE Vector Group","hd":false}],"ip":0,"op":180,"st":0,"ct":1,"bm":0},{"ddd":0,"ind":5,"ty":4,"nm":"thumb","sr":1,"ks":{"o":{"a":0,"k":100,"ix":11},"r":{"a":0,"k":0,"ix":10},"p":{"a":0,"k":[216,238,0],"ix":2,"l":2},"a":{"a":0,"k":[0,0,0],"ix":1,"l":2},"s":{"a":0,"k":[100,100,100],"ix":6,"l":2}},"ao":0,"shapes":[{"ty":"gr","it":[{"ind":0,"ty":"sh","ix":1,"ks":{"a":1,"k":[{"i":{"x":0.833,"y":0.833},"o":{"x":0.167,"y":0.167},"t":0,"s":[{"i":[[0,0],[-10.5,-20.125]],"o":[[0,0],[7.738,14.83]],"v":[[93,0],[84.375,34.5]],"c":false}]},{"i":{"x":0.833,"y":0.833},"o":{"x":0.167,"y":0.167},"t":9,"s":[{"i":[[0,0],[-5.125,-22.375]],"o":[[0,0],[3.735,16.305]],"v":[[97,-1],[87.5,30.375]],"c":false}]},{"t":19,"s":[{"i":[[0,0],[-10.5,-20.125]],"o":[[0,0],[7.738,14.83]],"v":[[93,0],[84.375,34.5]],"c":false}]}],"ix":2},"nm":"Path 1","mn":"ADBE Vector Shape - Group","hd":false},{"ty":"st","c":{"a":0,"k":[0,0.207843137255,0.4,1],"ix":3},"o":{"a":0,"k":100,"ix":4},"w":{"a":0,"k":3,"ix":5},"lc":2,"lj":1,"ml":4,"bm":0,"nm":"Stroke 1","mn":"ADBE Vector Graphic - Stroke","hd":false},{"ty":"fl","c":{"a":0,"k":[1,0.764705942191,0,1],"ix":4},"o":{"a":0,"k":100,"ix":5},"r":1,"bm":0,"nm":"Fill 1","mn":"ADBE Vector Graphic - Fill","hd":false},{"ty":"tr","p":{"a":0,"k":[0,0],"ix":2},"a":{"a":0,"k":[0,0],"ix":1},"s":{"a":0,"k":[100,100],"ix":3},"r":{"a":0,"k":0,"ix":6},"o":{"a":0,"k":100,"ix":7},"sk":{"a":0,"k":0,"ix":4},"sa":{"a":0,"k":0,"ix":5},"nm":"Transform"}],"nm":"Shape 2","np":3,"cix":2,"bm":0,"ix":1,"mn":"ADBE Vector Group","hd":false},{"ty":"gr","it":[{"ind":0,"ty":"sh","ix":1,"ks":{"a":1,"k":[{"i":{"x":0.833,"y":0.833},"o":{"x":0.167,"y":0.167},"t":0,"s":[{"i":[[0,0],[-15,-9],[3,-7],[14.25,3],[1.466,5.109],[0,0]],"o":[[0,0],[15,9],[-3,7],[-18.349,-3.863],[-4.125,-14.375],[0,0]],"v":[[59,-32.25],[142.5,9],[150.25,46.5],[123.25,58.25],[84.75,36.125],[71.625,28.625]],"c":false}]},{"i":{"x":0.833,"y":0.833},"o":{"x":0.167,"y":0.167},"t":9,"s":[{"i":[[0,0],[-15,-9],[3,-7],[13.496,0.314],[4,3.5],[0,0]],"o":[[0,0],[15,9],[-3,7],[-21.5,-0.5],[-4,-3.5],[0,0]],"v":[[56,-28.5],[148,4.5],[157.25,42.5],[128.75,53.75],[88,31],[72.5,28.75]],"c":false}]},{"t":19,"s":[{"i":[[0,0],[-15,-9],[3,-7],[14.25,3],[1.466,5.109],[0,0]],"o":[[0,0],[15,9],[-3,7],[-18.349,-3.863],[-4.125,-14.375],[0,0]],"v":[[59,-32.25],[142.5,9],[150.25,46.5],[123.25,58.25],[84.75,36.125],[71.625,28.625]],"c":false}]}],"ix":2},"nm":"Path 1","mn":"ADBE Vector Shape - Group","hd":false},{"ty":"st","c":{"a":0,"k":[0,0.207843137255,0.4,1],"ix":3},"o":{"a":0,"k":100,"ix":4},"w":{"a":0,"k":3,"ix":5},"lc":2,"lj":1,"ml":4,"bm":0,"nm":"Stroke 1","mn":"ADBE Vector Graphic - Stroke","hd":false},{"ty":"fl","c":{"a":0,"k":[1,0.764705942191,0,1],"ix":4},"o":{"a":0,"k":100,"ix":5},"r":1,"bm":0,"nm":"Fill 1","mn":"ADBE Vector Graphic - Fill","hd":false},{"ty":"tr","p":{"a":0,"k":[0,0],"ix":2},"a":{"a":0,"k":[0,0],"ix":1},"s":{"a":0,"k":[100,100],"ix":3},"r":{"a":0,"k":0,"ix":6},"o":{"a":0,"k":100,"ix":7},"sk":{"a":0,"k":0,"ix":4},"sa":{"a":0,"k":0,"ix":5},"nm":"Transform"}],"nm":"Shape 1","np":3,"cix":2,"bm":0,"ix":2,"mn":"ADBE Vector Group","hd":false}],"ip":0,"op":180,"st":0,"ct":1,"bm":0},{"ddd":0,"ind":6,"ty":4,"nm":"fist","sr":1,"ks":{"o":{"a":0,"k":98,"ix":11},"r":{"a":0,"k":0,"ix":10},"p":{"a":0,"k":[216,238,0],"ix":2,"l":2},"a":{"a":0,"k":[0,0,0],"ix":1,"l":2},"s":{"a":0,"k":[100,100,100],"ix":6,"l":2}},"ao":0,"shapes":[{"ty":"gr","it":[{"ind":0,"ty":"sh","ix":1,"ks":{"a":1,"k":[{"i":{"x":0.667,"y":1},"o":{"x":0.333,"y":0},"t":0,"s":[{"i":[[50.429,2.436],[34,-19.25],[4,-16.5],[-3,-8.5],[-29.941,-2.407],[-8.25,2.5],[-31.5,2],[-7.25,9],[15.858,11.533],[0,0],[1.75,10.75]],"o":[[-51.75,-2.5],[-16.969,9.607],[-4,16.5],[3,8.5],[49.75,4],[5.524,-1.674],[22.477,-1.427],[2.218,-2.753],[-5.5,-4],[0,0],[-1.75,-10.75]],"v":[[18.25,-78.5],[-71.5,-59],[-114.25,-39.75],[-115.5,4.5],[-70.75,58.5],[-8,47.75],[36.25,48],[76.5,33],[72,-19],[58,-26],[48,-45.75]],"c":true}]},{"i":{"x":0.667,"y":1},"o":{"x":0.333,"y":0},"t":5,"s":[{"i":[[50.191,4.972],[34,-19.25],[4,-16.5],[-3,-8.5],[-29.997,-1.55],[-8.25,2.5],[-31.5,2],[-7.25,9],[15.858,11.533],[0,0],[1.75,10.75]],"o":[[-50.778,-5],[-16.969,9.607],[-4,16.5],[3,8.5],[47.833,2.472],[5.524,-1.674],[22.477,-1.427],[2.218,-2.753],[-5.5,-4],[0,0],[-1.75,-10.75]],"v":[[10.194,-91],[-71.778,-77.333],[-114.25,-48.917],[-115.5,4.5],[-72.083,59.528],[-8.861,45.667],[36.25,48],[79.25,33.5],[72,-19],[58,-27.667],[48,-47.417]],"c":true}]},{"i":{"x":0.833,"y":0.833},"o":{"x":0.333,"y":0},"t":9,"s":[{"i":[[50,7],[34,-19.25],[4,-16.5],[-3,-8.5],[-29.941,-2.407],[-8.25,2.5],[-31.5,2],[-7.25,9],[15.858,11.533],[0,0],[1.75,10.75]],"o":[[-50,-7],[-16.969,9.607],[-4,16.5],[3,8.5],[49.75,4],[5.524,-1.674],[22.477,-1.427],[2.218,-2.753],[-5.5,-4],[0,0],[-1.75,-10.75]],"v":[[3.75,-101],[-72,-92],[-114.25,-56.25],[-115.5,4.5],[-70,61.25],[-7.75,48.5],[36.25,48],[76.5,33],[72,-19],[58,-29],[48,-48.75]],"c":true}]},{"i":{"x":0.667,"y":1},"o":{"x":0.167,"y":0.167},"t":15,"s":[{"i":[[38.59,4.78],[34,-19.25],[4,-16.5],[-3,-8.5],[-29.941,-2.407],[-8.482,0.586],[-23.562,0.542],[-7.25,9],[12.757,14.546],[0,0],[4.783,9.785]],"o":[[-51.116,-4.424],[-16.969,9.607],[-4,16.5],[3,8.5],[49.75,4],[8.1,-0.265],[22.505,-0.313],[2.218,-2.753],[-4.042,-4.486],[0,0],[-5.368,-10.982]],"v":[[12.66,-91.28],[-71.676,-70.616],[-114.25,-45.558],[-115.5,4.5],[-70.486,59.468],[-0.946,42.506],[38.032,48],[76.5,33],[73.458,-19],[64.642,-30.944],[52.618,-50.268]],"c":true}]},{"t":19,"s":[{"i":[[42.75,2.5],[34,-19.25],[4,-16.5],[-3,-8.5],[-29.941,-2.407],[-8.609,-0.453],[-19.25,-0.25],[-7.25,9],[11.073,16.183],[0,0],[1.75,10.75]],"o":[[-51.722,-3.025],[-16.969,9.607],[-4,16.5],[3,8.5],[49.75,4],[9.5,0.5],[22.52,0.292],[2.218,-2.753],[-3.25,-4.75],[0,0],[-1.75,-10.75]],"v":[[17.5,-86],[-71.5,-59],[-114.25,-39.75],[-115.5,4.5],[-70.75,58.5],[2.75,39.25],[39,48],[76.5,33],[74.25,-19],[68.25,-32],[64,-52.25]],"c":true}]}],"ix":2},"nm":"Path 1","mn":"ADBE Vector Shape - Group","hd":false},{"ty":"st","c":{"a":0,"k":[0,0.207843137255,0.4,1],"ix":3},"o":{"a":0,"k":100,"ix":4},"w":{"a":0,"k":3,"ix":5},"lc":1,"lj":1,"ml":4,"bm":0,"nm":"Stroke 1","mn":"ADBE Vector Graphic - Stroke","hd":false},{"ty":"fl","c":{"a":0,"k":[1,0.764705942191,0,1],"ix":4},"o":{"a":0,"k":100,"ix":5},"r":1,"bm":0,"nm":"Fill 1","mn":"ADBE Vector Graphic - Fill","hd":false},{"ty":"tr","p":{"a":0,"k":[0,0],"ix":2},"a":{"a":0,"k":[0,0],"ix":1},"s":{"a":0,"k":[100,100],"ix":3},"r":{"a":0,"k":0,"ix":6},"o":{"a":0,"k":100,"ix":7},"sk":{"a":0,"k":0,"ix":4},"sa":{"a":0,"k":0,"ix":5},"nm":"Transform"}],"nm":"Shape 1","np":3,"cix":2,"bm":0,"ix":1,"mn":"ADBE Vector Group","hd":false}],"ip":0,"op":180,"st":0,"ct":1,"bm":0}]}],"layers":[{"ddd":0,"ind":1,"ty":0,"nm":"hand","refId":"comp_0","sr":1,"ks":{"o":{"a":0,"k":100,"ix":11},"r":{"a":0,"k":0,"ix":10},"p":{"a":0,"k":[209,181,0],"ix":2,"l":2},"a":{"a":0,"k":[209,181,0],"ix":1,"l":2},"s":{"a":0,"k":[100,100,100],"ix":6,"l":2}},"ao":0,"w":418,"h":362,"ip":147,"op":168,"st":147,"bm":0},{"ddd":0,"ind":2,"ty":0,"nm":"hand","refId":"comp_0","sr":1,"ks":{"o":{"a":0,"k":100,"ix":11},"r":{"a":0,"k":0,"ix":10},"p":{"a":0,"k":[209,181,0],"ix":2,"l":2},"a":{"a":0,"k":[209,181,0],"ix":1,"l":2},"s":{"a":0,"k":[100,100,100],"ix":6,"l":2}},"ao":0,"w":418,"h":362,"ip":126,"op":147,"st":126,"bm":0},{"ddd":0,"ind":3,"ty":0,"nm":"hand","refId":"comp_0","sr":1,"ks":{"o":{"a":0,"k":100,"ix":11},"r":{"a":0,"k":0,"ix":10},"p":{"a":0,"k":[209,181,0],"ix":2,"l":2},"a":{"a":0,"k":[209,181,0],"ix":1,"l":2},"s":{"a":0,"k":[100,100,100],"ix":6,"l":2}},"ao":0,"w":418,"h":362,"ip":105,"op":126,"st":105,"bm":0},{"ddd":0,"ind":4,"ty":0,"nm":"hand","refId":"comp_0","sr":1,"ks":{"o":{"a":0,"k":100,"ix":11},"r":{"a":0,"k":0,"ix":10},"p":{"a":0,"k":[209,181,0],"ix":2,"l":2},"a":{"a":0,"k":[209,181,0],"ix":1,"l":2},"s":{"a":0,"k":[100,100,100],"ix":6,"l":2}},"ao":0,"w":418,"h":362,"ip":84,"op":105,"st":84,"bm":0},{"ddd":0,"ind":5,"ty":0,"nm":"hand","refId":"comp_0","sr":1,"ks":{"o":{"a":0,"k":100,"ix":11},"r":{"a":0,"k":0,"ix":10},"p":{"a":0,"k":[209,181,0],"ix":2,"l":2},"a":{"a":0,"k":[209,181,0],"ix":1,"l":2},"s":{"a":0,"k":[100,100,100],"ix":6,"l":2}},"ao":0,"w":418,"h":362,"ip":63,"op":84,"st":63,"bm":0},{"ddd":0,"ind":6,"ty":0,"nm":"hand","refId":"comp_0","sr":1,"ks":{"o":{"a":0,"k":100,"ix":11},"r":{"a":0,"k":0,"ix":10},"p":{"a":0,"k":[209,181,0],"ix":2,"l":2},"a":{"a":0,"k":[209,181,0],"ix":1,"l":2},"s":{"a":0,"k":[100,100,100],"ix":6,"l":2}},"ao":0,"w":418,"h":362,"ip":42,"op":63,"st":42,"bm":0},{"ddd":0,"ind":7,"ty":0,"nm":"hand","refId":"comp_0","sr":1,"ks":{"o":{"a":0,"k":100,"ix":11},"r":{"a":0,"k":0,"ix":10},"p":{"a":0,"k":[209,181,0],"ix":2,"l":2},"a":{"a":0,"k":[209,181,0],"ix":1,"l":2},"s":{"a":0,"k":[100,100,100],"ix":6,"l":2}},"ao":0,"w":418,"h":362,"ip":21,"op":42,"st":21,"bm":0},{"ddd":0,"ind":8,"ty":0,"nm":"hand","refId":"comp_0","sr":1,"ks":{"o":{"a":0,"k":100,"ix":11},"r":{"a":0,"k":0,"ix":10},"p":{"a":0,"k":[209,181,0],"ix":2,"l":2},"a":{"a":0,"k":[209,181,0],"ix":1,"l":2},"s":{"a":0,"k":[100,100,100],"ix":6,"l":2}},"ao":0,"w":418,"h":362,"ip":0,"op":21,"st":0,"bm":0}],"markers":[],"props":{}}